\\Attic\Departments\Accounting\Project Billing,,
\\Attic\departments\Applications Engineering,,
\\Attic\departments\Business Development,,
\\attic\Departments\Business Development\2010 REF Background from Tom Frost,,
\\attic\Departments\D$SNEWCOTRANSFER\TECHOPS,,
\\attic\Departments\GnI_Robotics\,,
\\Attic\departments\Logistics,,
\\attic\Departments\Manufacturing\TechOps,,
\\Attic\Departments\NorthAmerica,,
\\attic\Departments\Reliability,,
\\attic\fcs,,
\\Attic\Projects\AEODRS,,
\\Attic\Projects\CCD,,
\\Attic\Projects\Dismounted OCU\Dismounted User Interviews\PowerPoint Report,,
\\Attic\Projects\MTRS,,
\\Attic\Projects\MTRS Safety & Hazard Log Rev 12,,
\\Attic\Projects\MTRS User Guide,,
\\Hq-nas-01\media\Macserve-Files\DEFENSE AND SECURITY,, 